Category,Level1,Level2,Level3,Level4,Federal,,GovXFer,State,Local,Total
-Sickness and disability,Pensions,Sickness and disability,,,0.0,,0.0,0.0,0.0,0.0
---Special Benefits,Pensions,Old age,Federal employee retirement and disability (602),Special Benefits,0.38,b,,,,0.38
---Foreign Service Retirement and Disability Fund,Pensions,Old age,Federal employee retirement and disability (602),Foreign Service Retirement and Disability Fund,0.893,b,,,,0.893
---Armed Forces Retirement Home,Pensions,Old age,Federal employee retirement and disability (602),Armed Forces Retirement Home,0.083,b,,,,0.083
---Military Retirement Fund,Pensions,Old age,Federal employee retirement and disability (602),Military Retirement Fund,54.561,b,,,,54.561
"---Re-employed Annuitants Salary Offset, Civil Service Retirement and Disability Fund",Pensions,Old age,Federal employee retirement and disability (602),"Reemployed Annuitants Salary Offset, Civil Service Retirement and Disability Fund",-0.052,b,,,,-0.052
---Civil Service Retirement and Disability Fund,Pensions,Old age,Federal employee retirement and disability (602),Civil Service Retirement and Disability Fund,0.105,b,,,,0.105
---Civil Service Retirement and Disability Fund,Pensions,Old age,Federal employee retirement and disability (602),Civil Service Retirement and Disability Fund,83.099,b,,,,83.099
---Employees Life Insurance Fund,Pensions,Old age,Federal employee retirement and disability (602),Employees Life Insurance Fund,-2.075,b,,,,-2.075
---Judicial Officers' Retirement Fund,Pensions,Old age,Federal employee retirement and disability (602),Judicial Officers' Retirement Fund,0.059,b,,,,0.059
"---Reimbursement for Program Expenses, Federal Retirement Thrift Investment Board",Pensions,Old age,Federal employee retirement and disability (602),"Reimbursement for Program Expenses, Federal Retirement Thrift Investment Board",-0.146,b,,,,-0.146
---Program Expenses,Pensions,Old age,Federal employee retirement and disability (602),Program Expenses,0.146,b,,,,0.146
---Payments to Social Security Trust Funds,Pensions,Old age,Social security (651),Payments to Social Security Trust Funds,61.661,b,,,,61.661
"---Administrative Expenses, Recovery Act",Pensions,Old age,Social security (651),"Administrative Expenses, Recovery Act",0.175,b,,,,0.175
"---FOASI, General Fund Payments for Payroll Tax Holiday (PL 111-312)",Pensions,Old age,Social security (651),"FOASI, General Fund Payments for Payroll Tax Holiday (PL 111312)",-25.456,b,,,,-25.456
"---FOASI, Federal Payments to the FOASI Trust Fund",Pensions,Old age,Social security (651),"FOASI, Federal Payments to the FOASI Trust Fund",-29.19,b,,,,-29.19
---Federal Old-age and Survivors Insurance Trust Fund,Pensions,Old age,Social security (651),Federal Oldage and Survivors Insurance Trust Fund,2.629,b,,,,2.629
---Federal Old-age and Survivors Insurance Trust Fund,Pensions,Old age,Social security (651),Federal Oldage and Survivors Insurance Trust Fund,676.467,b,,,,676.467
"---FDI, General Fund Payments for Payroll Tax Holiday (PL 111-312)",Pensions,Old age,Social security (651),"FDI, General Fund Payments for Payroll Tax Holiday (PL 111312)",-4.317,b,,,,-4.317
"---FDI, Federal Payments to the FDI Trust Fund",Pensions,Old age,Social security (651),"FDI, Federal Payments to the FDI Trust Fund",-2.495,b,,,,-2.495
---Federal Disability Insurance Trust Fund,Pensions,Old age,Social security (651),Federal Disability Insurance Trust Fund,3.026,b,,,,3.026
---Federal Disability Insurance Trust Fund,Pensions,Old age,Social security (651),Federal Disability Insurance Trust Fund,143.547,b,,,,143.547
---Limitation on Administrative Expenses,Pensions,Old age,Social security (651),Limitation on Administrative Expenses,-0.16,b,,,,-0.16
"---Postal Service Contributions for Current Workers, Postal Service Retiree Health Benefits Fund",Pensions,Old age,"Employer share, employee retirement (onbudget) (951)","Postal Service Contributions for Current Workers, Postal Service Retiree Health Benefits Fund",-3.339,b,,,,-3.339
"---Non-DoD Employing Agency Contributions, DoD Medicare-Eligible Retiree Health Care Fund",Pensions,Old age,"Employer share, employee retirement (onbudget) (951)","NonDoD Employing Agency Contributions, DoD MedicareEligible Retiree Health Care Fund",-0.196,b,,,,-0.196
"---Department of Defense Contributions, DoD Medicare-Eligible Retiree Health Care Fund",Pensions,Old age,"Employer share, employee retirement (onbudget) (951)","Department of Defense Contributions, DoD MedicareEligible Retiree Health Care Fund",-6.953,b,,,,-6.953
"---FHI Trust Fund, Federal Employer Contributions (FICA)",Pensions,Old age,"Employer share, employee retirement (onbudget) (951)","FHI Trust Fund, Federal Employer Contributions (FICA)",-3.649,b,,,,-3.649
"---FHI Trust Fund, Postal Service Employer Contributions (FICA)",Pensions,Old age,"Employer share, employee retirement (onbudget) (951)","FHI Trust Fund, Postal Service Employer Contributions (FICA)",-0.59,b,,,,-0.59
"---Employing Agency Contributions, Military Retirement Fund",Pensions,Old age,"Employer share, employee retirement (onbudget) (951)","Employing Agency Contributions, Military Retirement Fund",-20.844,b,,,,-20.844
"---Federal Contributions (concurrent Receipt Accruals), Military Retirement Fund",Pensions,Old age,"Employer share, employee retirement (onbudget) (951)","Federal Contributions (concurrent Receipt Accruals), Military Retirement Fund",-6.95,b,,,,-6.95
"---Agency Contributions, Civil Service Retirement and Disability Fund",Pensions,Old age,"Employer share, employee retirement (onbudget) (951)","Agency Contributions, Civil Service Retirement and Disability Fund",-21.257,b,,,,-21.257
"---Postal Service Agency Contributions, Civil Service Retirement and Disability Fund",Pensions,Old age,"Employer share, employee retirement (onbudget) (951)","Postal Service Agency Contributions, Civil Service Retirement and Disability Fund",-3.933,b,,,,-3.933
"---Employing Agency Contributions, Foreign Service Retirement and Disability Fund",Pensions,Old age,"Employer share, employee retirement (onbudget) (951)","Employing Agency Contributions, Foreign Service Retirement and Disability Fund",-0.322,b,,,,-0.322
"---FOASI, Federal Employer Contributions (FICA Taxes)",Pensions,Old age,"Employer share, employee retirement (offbudget) (952)","FOASI, Federal Employer Contributions (FICA Taxes)",-14.103,b,,,,-14.103
"---FDI, Federal Employer Contributions (FICA Taxes)",Pensions,Old age,"Employer share, employee retirement (offbudget) (952)","FDI, Federal Employer Contributions (FICA Taxes)",-2.395,b,,,,-2.395
--Employee Retirement - Benefit Payments (X11),Pensions,Old age,Employee Retirement  Benefit Payments (X11),,0.0,g,0.0,186.3,42.6,228.9
--Employee Retirement - Withdrawals (X12),Pensions,Old age,Employee Retirement  Withdrawals (X12),,0.0,g,0.0,4.5,0.9,5.4
--Employee Retirement - Other Payments (Disc. 2005) (X14),Pensions,Old age,Employee Retirement  Other Payments (Disc. 2005) (X14),,0.0,,0.0,0.0,0.0,0.0
"---Federal Contributions, FSMI Fund",Health Care,Medical service (Seniors),Medicare (571),"Federal Contributions, FSMI Fund",-194.019,b,,,,-194.019
"---Premiums Collected for Medicare Prescription Drug Account, FSMI",Health Care,Medical service (Seniors),Medicare (571),"Premiums Collected for Medicare Prescription Drug Account, FSMI",-4.082,b,,,,-4.082
"---Payments from States, Medicare Prescription Drug Account, FSMI",Health Care,Medical service (Seniors),Medicare (571),"Payments from States, Medicare Prescription Drug Account, FSMI",-8.985,b,,,,-8.985
"---Basic Premium, Medicare Advantage, FSMI Trust Fund",Health Care,Medical service (Seniors),Medicare (571),"Basic Premium, Medicare Advantage, FSMI Trust Fund",-0.215,b,,,,-0.215
"---Medicare Refunds, SMI",Health Care,Medical service (Seniors),Medicare (571),"Medicare Refunds, SMI",-4.4,b,,,,-4.4
"---Federal Contribution for Admin. Contribution for Admin. Costs, Prescription Drug Account, FSMI",Health Care,Medical service (Seniors),Medicare (571),"Federal Contribution for Admin. Contribution for Admin. Costs, Prescription Drug Account, FSMI",-0.424,b,,,,-0.424
"---Federal Contributions for Benefits, Prescription Drug Account, SMI",Health Care,Medical service (Seniors),Medicare (571),"Federal Contributions for Benefits, Prescription Drug Account, SMI",-56.194,b,,,,-56.194
"---Premiums Collected for the Aged, FSMI Fund",Health Care,Medical service (Seniors),Medicare (571),"Premiums Collected for the Aged, FSMI Fund",-54.735,b,,,,-54.735
---Manufacturer Rebates,Health Care,Medical service (Seniors),Medicare (571),Manufacturer Rebates,-5.87,b,,,,-5.87
"---Premiums Collected for the Disabled, FSMI Fund",Health Care,Medical service (Seniors),Medicare (571),"Premiums Collected for the Disabled, FSMI Fund",-10.513,b,,,,-10.513
"---FHI Trust Fund, Taxation on OASDI Benefits",Health Care,Medical service (Seniors),Medicare (571),"FHI Trust Fund, Taxation on OASDI Benefits",-20.811,b,,,,-20.811
"---FHI Trust Fund, Basic Premium, Medicare Advantage",Health Care,Medical service (Seniors),Medicare (571),"FHI Trust Fund, Basic Premium, Medicare Advantage",-0.225,b,,,,-0.225
"---FHI Trust Fund, Payment from the General Fund for Health Care Fraud and Abuse Control Account",Health Care,Medical service (Seniors),Medicare (571),"FHI Trust Fund, Payment from the General Fund for Health Care Fraud and Abuse Control Account",-0.134,b,,,,-0.134
"---FHI Trust Fund, Transfers from General Fund (criminal Fines)",Health Care,Medical service (Seniors),Medicare (571),"FHI Trust Fund, Transfers from General Fund (criminal Fines)",-1.126,b,,,,-1.126
"---FHI Trust Fund, Medicare Refunds",Health Care,Medical service (Seniors),Medicare (571),"FHI Trust Fund, Medicare Refunds",-5.8,b,,,,-5.8
"---FHI Trust Fund, Payments from the General Fund (uninsured and Program Management)",Health Care,Medical service (Seniors),Medicare (571),"FHI Trust Fund, Payments from the General Fund (uninsured and Program Management)",-0.672,b,,,,-0.672
"---FHI Trust Fund, Premiums Collected for Uninsured Individuals not Otherwise Eligible",Health Care,Medical service (Seniors),Medicare (571),"FHI Trust Fund, Premiums Collected for Uninsured Individuals not Otherwise Eligible",-3.552,b,,,,-3.552
---Payments to Health Care Trust Funds,Health Care,Medical service (Seniors),Medicare (571),Payments to Health Care Trust Funds,273.401,b,,,,273.401
---Federal Supplementary Medical Insurance Trust Fund,Health Care,Medical service (Seniors),Medicare (571),Federal Supplementary Medical Insurance Trust Fund,3.761,b,,,,3.761
---Federal Supplementary Medical Insurance Trust Fund,Health Care,Medical service (Seniors),Medicare (571),Federal Supplementary Medical Insurance Trust Fund,264.336,b,,,,264.336
---Federal Hospital Insurance Trust Fund,Health Care,Medical service (Seniors),Medicare (571),Federal Hospital Insurance Trust Fund,2.195,b,,,,2.195
---Federal Hospital Insurance Trust Fund,Health Care,Medical service (Seniors),Medicare (571),Federal Hospital Insurance Trust Fund,281.418,b,,,,281.418
"---Medicare Prescription Drug Account, Federal Supplementary Insurance Trust Fund",Health Care,Medical service (Seniors),Medicare (571),"Medicare Prescription Drug Account, Federal Supplementary Insurance Trust Fund",0.399,b,,,,0.399
"---Medicare Prescription Drug Account, Federal Supplementary Insurance Trust Fund",Health Care,Medical service (Seniors),Medicare (571),"Medicare Prescription Drug Account, Federal Supplementary Insurance Trust Fund",75.119,b,,,,75.119
---Health Care Fraud and Abuse Control Account,Health Care,Medical service (Seniors),Medicare (571),Health Care Fraud and Abuse Control Account,0.61,b,,,,0.61
---Health Care Fraud and Abuse Control Account,Health Care,Medical service (Seniors),Medicare (571),Health Care Fraud and Abuse Control Account,0.767,b,,,,0.767
--Federal Intergovernmental - Health and Hospitals (B42),Health Care,Medical service,Federal Intergovernmental  Health and Hospitals (B42),,0.0,g,-28.2,0.0,0.0,-28.2
--Current Operations - Health - Other (E32),Health Care,Medical service,Current Operations  Health  Other (E32),,0.0,g,0.0,35.7,36.9,72.6
--Current Operations - Hospitals (E36),Health Care,Medical service,Current Operations  Hospitals (E36),,0.0,g,0.0,60.0,84.1,144.1
--Current Operations - Hospitals - Other (Disc. 2005) (E38),Health Care,Medical service,Current Operations  Hospitals  Other (Disc. 2005) (E38),,0.0,,0.0,0.0,0.0,0.0
--Construction - Health - Other (F32),Health Care,Medical service,Construction  Health  Other (F32),,0.0,g,0.0,0.9,0.5,1.4
--Construction - Hospitals (F36),Health Care,Medical service,Construction  Hospitals (F36),,0.0,g,0.0,2.2,4.0,6.2
--Construction - Hospitals - Other (Disc. 2005) (F38),Health Care,Medical service,Construction  Hospitals  Other (Disc. 2005) (F38),,0.0,,0.0,0.0,0.0,0.0
--Other Capital Outlay - Health - Other (G32),Health Care,Medical service,Other Capital Outlay  Health  Other (G32),,0.0,g,0.0,0.3,0.3,0.6
--Other Capital Outlay - Hospitals (G36),Health Care,Medical service,Other Capital Outlay  Hospitals (G36),,0.0,g,0.0,0.9,2.3,3.2
--Other Capital Outlay - Hospitals - Other (Disc. 2005) (G38),Health Care,Medical service,Other Capital Outlay  Hospitals  Other (Disc. 2005) (G38),,0.0,,0.0,0.0,0.0,0.0
---Salaries and Expenses,Health Care,Public health services,Consumer and occupational health and safety (554),Salaries and Expenses,0.115,b,,,,0.115
---Salaries and Expenses,Health Care,Public health services,Consumer and occupational health and safety (554),Salaries and Expenses,0.455,b,,,,0.455
---Salaries and Expenses,Health Care,Public health services,Consumer and occupational health and safety (554),Salaries and Expenses,0.373,b,,,,0.373
---Salaries and Expenses,Health Care,Public health services,Consumer and occupational health and safety (554),Salaries and Expenses,0.132,b,,,,0.132
---Salaries and Expenses,Health Care,Public health services,Consumer and occupational health and safety (554),Salaries and Expenses,0.051,b,,,,0.051
---Salaries and Expenses,Health Care,Public health services,Consumer and occupational health and safety (554),Salaries and Expenses,0.947,b,,,,0.947
---Salaries and Expenses,Health Care,Public health services,Consumer and occupational health and safety (554),Salaries and Expenses,2.496,b,,,,2.496
--Intergovernmental Revenue from Federal - Environmental Health (NEW for 2007) (B43),Health Care,Public health services,Intergovernmental Revenue from Federal  Environmental Health (NEW for 2007) (B43),,0.0,,0.0,0.0,0.0,0.0
--Current Operations - Environmental Health (NEW for 2007) (E27),Health Care,Public health services,Current Operations  Environmental Health (NEW for 2007) (E27),,0.0,,0.0,0.0,0.0,0.0
--Construction - Environmental Health (NEW for 2007) (F27),Health Care,Public health services,Construction  Environmental Health (NEW for 2007) (F27),,0.0,,0.0,0.0,0.0,0.0
--Other Capital Outlay - Environmental Health (NEW for 2007) (G27),Health Care,Public health services,Other Capital Outlay  Environmental Health (NEW for 2007) (G27),,0.0,,0.0,0.0,0.0,0.0
---Payment to the Patient-Centered Outcomes Research Trust Fund,Health Care,R&D Health,Health research and training (552),Payment to the PatientCentered Outcomes Research Trust Fund,0.15,b,,,,0.15
"---Payment from the General Fund, Patient-Centered Outcomes Research Trust Fund",Health Care,R&D Health,Health research and training (552),"Payment from the General Fund, PatientCentered Outcomes Research Trust Fund",-0.15,b,,,,-0.15
---Patient-Centered Outcomes Research Trust Fund,Health Care,R&D Health,Health research and training (552),PatientCentered Outcomes Research Trust Fund,0.265,b,,,,0.265
---Health Resources and Services,Health Care,R&D Health,Health research and training (552),Health Resources and Services,0.569,b,,,,0.569
---Health Resources and Services,Health Care,R&D Health,Health research and training (552),Health Resources and Services,0.144,b,,,,0.144
---CDC-Wide Activities and Program Support,Health Care,R&D Health,Health research and training (552),CDCWide Activities and Program Support,0.194,b,,,,0.194
---CDC-Wide Activities and Program Support,Health Care,R&D Health,Health research and training (552),CDCWide Activities and Program Support,-0.201,b,,,,-0.201
---CDC-Wide Activities and Program Support,Health Care,R&D Health,Health research and training (552),CDCWide Activities and Program Support,0.712,b,,,,0.712
---National Institutes of Health,Health Care,R&D Health,Health research and training (552),National Institutes of Health,30.314,b,,,,30.314
---National Institutes of Health,Health Care,R&D Health,Health research and training (552),National Institutes of Health,0.167,b,,,,0.167
---Healthcare Research and Quality,Health Care,R&D Health,Health research and training (552),Healthcare Research and Quality,0.138,b,,,,0.138
---Transfers from the Patient-Centered Outcomes Research Trust Fund,Health Care,R&D Health,Health research and training (552),Transfers from the PatientCentered Outcomes Research Trust Fund,-0.051,b,,,,-0.051
-- (553),Health Care,R&D Health,-553,,0.0,,0.0,0.0,0.0,0.0
-Health n.e.c.,Health Care,Health n.e.c.,,,0.0,,0.0,0.0,0.0,0.0
--Other Capital Outlay - Elementary and Secondary Education (G12),Education,Preprimary thru secondary education,Other Capital Outlay  Elementary and Secondary Education (G12),,0.0,g,0.0,0.4,16.7,17.1
---Payment Where American Opportunity Credit Exceeds Liability for TAX,Education,Tertiary education,Higher education (502),Payment Where American Opportunity Credit Exceeds Liability for TAX,7.541,b,,,,7.541
"---Federal Family Education Loan Program, Negative Subsidies",Education,Tertiary education,Higher education (502),"Federal Family Education Loan Program, Negative Subsidies",-3.39,b,,,,-3.39
"---Federal Direct Student Loan Program, Negative Subsidies",Education,Tertiary education,Higher education (502),"Federal Direct Student Loan Program, Negative Subsidies",-28.709,b,,,,-28.709
"---Federal Perkins Loan, Negative Subsidies",Education,Tertiary education,Higher education (502),"Federal Perkins Loan, Negative Subsidies",-0.648,b,,,,-0.648
---National Technical Institute for the Deaf,Education,Tertiary education,Higher education (502),National Technical Institute for the Deaf,0.063,b,,,,0.063
---Gallaudet University,Education,Tertiary education,Higher education (502),Gallaudet University,0.124,b,,,,0.124
---Higher Education,Education,Tertiary education,Higher education (502),Higher Education,0.361,b,,,,0.361
---Higher Education,Education,Tertiary education,Higher education (502),Higher Education,1.554,b,,,,1.554
---Higher Education,Education,Tertiary education,Higher education (502),Higher Education,0.444,b,,,,0.444
---Howard University,Education,Tertiary education,Higher education (502),Howard University,0.234,b,,,,0.234
---Student Financial Assistance,Education,Tertiary education,Higher education (502),Student Financial Assistance,24.105,b,,,,24.105
---Student Financial Assistance,Education,Tertiary education,Higher education (502),Student Financial Assistance,13.553,b,,,,13.553
---Student Aid Administration,Education,Tertiary education,Higher education (502),Student Aid Administration,1.041,b,,,,1.041
---Student Aid Administration,Education,Tertiary education,Higher education (502),Student Aid Administration,0.29,b,,,,0.29
---Federal Family Education Loan Liquidating Account,Education,Tertiary education,Higher education (502),Federal Family Education Loan Liquidating Account,-0.335,b,,,,-0.335
---Federal Student Loan Reserve Fund,Education,Tertiary education,Higher education (502),Federal Student Loan Reserve Fund,0.244,b,,,,0.244
--Current Operations - Higher Education Auxiliary Enterprises (E16),Education,Tertiary education,Current Operations  Higher Education Auxiliary Enterprises (E16),,0.0,g,0.0,21.7,2.2,24.0
--Current Operations - Other Higher Education (E18),Education,Tertiary education,Current Operations  Other Higher Education (E18),,0.0,g,0.0,170.3,35.7,206.0
--Construction - Higher Education - Auxiliary Enterprises (F16),Education,Tertiary education,Construction  Higher Education  Auxiliary Enterprises (F16),,0.0,g,0.0,4.0,0.0,4.0
--Construction - Other Higher Education (F18),Education,Tertiary education,Construction  Other Higher Education (F18),,0.0,g,0.0,18.2,4.2,22.4
--Other Capital Outlay - Higher Education - Auxiliary Enterprises (G16),Education,Tertiary education,Other Capital Outlay  Higher Education  Auxiliary Enterprises (G16),,0.0,g,0.0,0.3,0.0,0.3
--Other Capital Outlay - Other Higher Education (G18),Education,Tertiary education,Other Capital Outlay  Other Higher Education (G18),,0.0,g,0.0,5.1,1.0,6.0
---Science,Education,Education not definable by level,General science and basic research (251),Science,6.47,b,,,,6.47
---Research and Related Activities,Education,Education not definable by level,General science and basic research (251),Research and Related Activities,5.864,b,,,,5.864
---Education and Human Resources,Education,Education not definable by level,General science and basic research (251),Education and Human Resources,0.88,b,,,,0.88
---Education and Human Resources,Education,Education not definable by level,General science and basic research (251),Education and Human Resources,0.15,b,,,,0.15
---Agency Operations and Award Management,Education,Education not definable by level,General science and basic research (251),Agency Operations and Award Management,0.296,b,,,,0.296
---Major Research Equipment and Facilities Construction,Education,Education not definable by level,General science and basic research (251),Major Research Equipment and Facilities Construction,0.254,b,,,,0.254
--Space flight (253),Education,Education not definable by level,Space flight (253),,0.0,,0.0,0.0,0.0,0.0
"--Space, science, applications, and technology (254)",Education,Education not definable by level,"Space, science, applications, and technology (254)",,0.0,,0.0,0.0,0.0,0.0
--Supporting space activities (255),Education,Education not definable by level,Supporting space activities (255),,0.0,,0.0,0.0,0.0,0.0
---Institute of Education Sciences,Education,Education not definable by level,Research and general education aids (503),Institute of Education Sciences,0.074,b,,,,0.074
---Institute of Education Sciences,Education,Education not definable by level,Research and general education aids (503),Institute of Education Sciences,0.476,b,,,,0.476
---Program Administration,Education,Education not definable by level,Research and general education aids (503),Program Administration,0.452,b,,,,0.452
"---Salaries and Expenses, Library of Congress",Education,Education not definable by level,Research and general education aids (503),"Salaries and Expenses, Library of Congress",0.409,b,,,,0.409
---Books for the Blind and Physically Handicapped: Salaries and Expenses,Education,Education not definable by level,Research and general education aids (503),Books for the Blind and Physically Handicapped: Salaries and Expenses,0.053,b,,,,0.053
---Corporation for Public Broadcasting,Education,Education not definable by level,Research and general education aids (503),Corporation for Public Broadcasting,0.445,b,,,,0.445
---National Endowment for the Arts: Grants and Administration,Education,Education not definable by level,Research and general education aids (503),National Endowment for the Arts: Grants and Administration,0.107,b,,,,0.107
---National Endowment for the Humanities: Grants and Administration,Education,Education not definable by level,Research and general education aids (503),National Endowment for the Humanities: Grants and Administration,0.159,b,,,,0.159
---Salaries and Expenses,Education,Education not definable by level,Research and general education aids (503),Salaries and Expenses,0.664,b,,,,0.664
---Facilities Capital,Education,Education not definable by level,Research and general education aids (503),Facilities Capital,0.158,b,,,,0.158
"---Salaries and Expenses, National Gallery of Art",Education,Education not definable by level,Research and general education aids (503),"Salaries and Expenses, National Gallery of Art",0.129,b,,,,0.129
---Holocaust Memorial Museum,Education,Education not definable by level,Research and general education aids (503),Holocaust Memorial Museum,0.052,b,,,,0.052
---Office of Museum and Library Services: Grants and Administration,Education,Education not definable by level,Research and general education aids (503),Office of Museum and Library Services: Grants and Administration,0.26,b,,,,0.26
---American Jobs Act,Education,Education not definable by level,Training and employment (504),American Jobs Act,12.147,b,,,,12.147
---Program Administration,Education,Education not definable by level,Training and employment (504),Program Administration,0.102,b,,,,0.102
---Training and Employment Services,Education,Education not definable by level,Training and employment (504),Training and Employment Services,2.919,b,,,,2.919
---Training and Employment Services,Education,Education not definable by level,Training and employment (504),Training and Employment Services,0.612,b,,,,0.612
---Training and Employment Services,Education,Education not definable by level,Training and employment (504),Training and Employment Services,0.156,b,,,,0.156
---Community Service Employment for Older Americans,Education,Education not definable by level,Training and employment (504),Community Service Employment for Older Americans,0.351,b,,,,0.351
---State Unemployment Insurance and Employment Service Operations,Education,Education not definable by level,Training and employment (504),State Unemployment Insurance and Employment Service Operations,0.078,b,,,,0.078
---Office of Job Corps,Education,Education not definable by level,Training and employment (504),Office of Job Corps,1.854,b,,,,1.854
---TAA Community College and Career Training Grant Fund,Education,Education not definable by level,Training and employment (504),TAA Community College and Career Training Grant Fund,0.632,b,,,,0.632
---Federal Unemployment Benefits and Allowances,Education,Education not definable by level,Training and employment (504),Federal Unemployment Benefits and Allowances,0.793,b,,,,0.793
---Unemployment Trust Fund,Education,Education not definable by level,Training and employment (504),Unemployment Trust Fund,0.925,b,,,,0.925
---Unemployment Trust Fund,Education,Education not definable by level,Training and employment (504),Unemployment Trust Fund,0.182,b,,,,0.182
---Payment in Lieu of Tax Credit for New Jobs and Wage Increases,Education,Education not definable by level,Training and employment (504),Payment in Lieu of Tax Credit for New Jobs and Wage Increases,0.615,b,,,,0.615
---Salaries and Expenses,Education,Education not definable by level,Other labor services (505),Salaries and Expenses,0.115,b,,,,0.115
---Salaries and Expenses,Education,Education not definable by level,Other labor services (505),Salaries and Expenses,0.233,b,,,,0.233
---Salaries and Expenses,Education,Education not definable by level,Other labor services (505),Salaries and Expenses,0.549,b,,,,0.549
---Salaries and Expenses,Education,Education not definable by level,Other labor services (505),Salaries and Expenses,0.101,b,,,,0.101
---Office of the Inspector General,Education,Education not definable by level,Other labor services (505),Office of the Inspector General,0.082,b,,,,0.082
---Salaries and Expenses,Education,Education not definable by level,Other labor services (505),Salaries and Expenses,0.357,b,,,,0.357
---Salaries and Expenses,Education,Education not definable by level,Other labor services (505),Salaries and Expenses,0.288,b,,,,0.288
---Rehabilitation Services and Disability Research,Education,Education not definable by level,Social services (506),Rehabilitation Services and Disability Research,0.137,b,,,,0.137
---Rehabilitation Services and Disability Research,Education,Education not definable by level,Social services (506),Rehabilitation Services and Disability Research,0.215,b,,,,0.215
---Rehabilitation Services and Disability Research,Education,Education not definable by level,Social services (506),Rehabilitation Services and Disability Research,3.292,b,,,,3.292
---Salaries and Expenses,Education,Education not definable by level,Social services (506),Salaries and Expenses,0.084,b,,,,0.084
---Payment to National Service Trust Fund,Education,Education not definable by level,Social services (506),Payment to National Service Trust Fund,0.209,b,,,,0.209
---Operating Expenses,Education,Education not definable by level,Social services (506),Operating Expenses,0.266,b,,,,0.266
---Operating Expenses,Education,Education not definable by level,Social services (506),Operating Expenses,0.536,b,,,,0.536
"---Payment from the General Fund, National Service Trust Fund",Education,Education not definable by level,Social services (506),"Payment from the General Fund, National Service Trust Fund",-0.209,b,,,,-0.209
---Gifts and Contributions,Education,Education not definable by level,Social services (506),Gifts and Contributions,0.181,b,,,,0.181
---Gifts and Contributions,Education,Education not definable by level,Social services (506),Gifts and Contributions,0.068,b,,,,0.068
---Supporting Healthy Families and Adolescent Development,Education,Education not definable by level,Social services (506),Supporting Healthy Families and Adolescent Development,0.063,b,,,,0.063
---Supporting Healthy Families and Adolescent Development,Education,Education not definable by level,Social services (506),Supporting Healthy Families and Adolescent Development,0.47,b,,,,0.47
---Social Services Block Grant,Education,Education not definable by level,Social services (506),Social Services Block Grant,1.792,b,,,,1.792
---Children and Families Services Programs,Education,Education not definable by level,Social services (506),Children and Families Services Programs,9.463,b,,,,9.463
---Children and Families Services Programs,Education,Education not definable by level,Social services (506),Children and Families Services Programs,0.379,b,,,,0.379
---Aging Services Programs,Education,Education not definable by level,Social services (506),Aging Services Programs,1.756,b,,,,1.756
"--Current Operations - Educational Scholarships, Assistance, and Subsidies (Disc. 2005) (E19)",Education,Education not definable by level,"Current Operations  Educational Scholarships, Assistance, and Subsidies (Disc. 2005) (E19)",,0.0,,0.0,0.0,0.0,0.0
--Current Operations - State Education - Other (E21),Education,Education not definable by level,Current Operations  State Education  Other (E21),,0.0,g,0.0,16.4,0.0,16.4
--Current Operations - Libraries (E52),Education,Education not definable by level,Current Operations  Libraries (E52),,0.0,g,0.0,0.4,9.4,9.8
--Construction - State Education - Other (F21),Education,Education not definable by level,Construction  State Education  Other (F21),,0.0,g,0.0,0.9,0.0,0.9
--Construction - Libraries (F52),Education,Education not definable by level,Construction  Libraries (F52),,0.0,g,0.0,0.0,0.8,0.8
--Other Capital Outlay - State Education - Other (G21),Education,Education not definable by level,Other Capital Outlay  State Education  Other (G21),,0.0,g,0.0,0.2,0.0,0.2
--Other Capital Outlay - Libraries (G52),Education,Education not definable by level,Other Capital Outlay  Libraries (G52),,0.0,g,0.0,0.0,0.5,0.6
--Assistance and Subsidies - State Scholarships and Other Subsidies - Education (J19),Education,Education not definable by level,Assistance and Subsidies  State Scholarships and Other Subsidies  Education (J19),,0.0,g,0.0,26.9,0.0,26.9
-Subsidiary services to education,Education,Subsidiary services to education,,,0.0,,0.0,0.0,0.0,0.0
-R&D Education,Education,R&D Education,,,0.0,,0.0,0.0,0.0,0.0
-Education n.e.c.,Education,Education n.e.c.,,,0.0,,0.0,0.0,0.0,0.0
"---Recoveries under the Foreign Military Sales Program, Navy",Defense,Military defense,Department of Defense  Military (051),"Recoveries under the Foreign Military Sales Program, Navy",-0.156,b,,,,-0.156
"---General Fund Proprietary Receipts, not Otherwise Classified, Navy",Defense,Military defense,Department of Defense  Military (051),"General Fund Proprietary Receipts, not Otherwise Classified, Navy",-0.082,b,,,,-0.082
"---General Fund Proprietary Receipts, not Otherwise Classified, Army",Defense,Military defense,Department of Defense  Military (051),"General Fund Proprietary Receipts, not Otherwise Classified, Army",-0.068,b,,,,-0.068
"---General Fund Proprietary Receipts, not Otherwise Classified, Air Force",Defense,Military defense,Department of Defense  Military (051),"General Fund Proprietary Receipts, not Otherwise Classified, Air Force",-0.097,b,,,,-0.097
"---General Fund Proprietary Receipts, not Otherwise Classified, Defense Agencies",Defense,Military defense,Department of Defense  Military (051),"General Fund Proprietary Receipts, not Otherwise Classified, Defense Agencies",-0.087,b,,,,-0.087
---Contributions for Burdensharing and Other Cooperative Activities (Kuwait),Defense,Military defense,Department of Defense  Military (051),Contributions for Burdensharing and Other Cooperative Activities (Kuwait),-0.213,b,,,,-0.213
---Contributions for Burdensharing and Other Cooperative Activities (Japan),Defense,Military defense,Department of Defense  Military (051),Contributions for Burdensharing and Other Cooperative Activities (Japan),-0.322,b,,,,-0.322
---Contributions for Burdensharing and Other Cooperative Activities (So. Korea),Defense,Military defense,Department of Defense  Military (051),Contributions for Burdensharing and Other Cooperative Activities (So. Korea),-0.37,b,,,,-0.37
---Payment to Voluntary Separation Incentive Fund,Defense,Military defense,Department of Defense  Military (051),Payment to Voluntary Separation Incentive Fund,-0.055,b,,,,-0.055
"---Operation and Maintenance, Defense-wide",Defense,Military defense,Department of Defense  Military (051),"Operation and Maintenance, Defensewide",41.696,b,,,,41.696
---Drug Interdiction and Counter-Drug Activities,Defense,Military defense,Department of Defense  Military (051),Drug Interdiction and CounterDrug Activities,1.482,b,,,,1.482
---Office of the Inspector General,Defense,Military defense,Department of Defense  Military (051),Office of the Inspector General,0.304,b,,,,0.304
"---Operation and Maintenance, Marine Corps",Defense,Military defense,Department of Defense  Military (051),"Operation and Maintenance, Marine Corps",9.65,b,,,,9.65
"---Operation and Maintenance, Marine Corps Reserve",Defense,Military defense,Department of Defense  Military (051),"Operation and Maintenance, Marine Corps Reserve",0.309,b,,,,0.309
---Department of Defense Acquisition Workforce Development Fund,Defense,Military defense,Department of Defense  Military (051),Department of Defense Acquisition Workforce Development Fund,0.251,b,,,,0.251
---Defense Health Program,Defense,Military defense,Department of Defense  Military (051),Defense Health Program,33.605,b,,,,33.605
---Cooperative Threat Reduction Account,Defense,Military defense,Department of Defense  Military (051),Cooperative Threat Reduction Account,0.393,b,,,,0.393
"---Operation and Maintenance, Navy",Defense,Military defense,Department of Defense  Military (051),"Operation and Maintenance, Navy",46.692,b,,,,46.692
"---Operation and Maintenance, Navy Reserve",Defense,Military defense,Department of Defense  Military (051),"Operation and Maintenance, Navy Reserve",1.349,b,,,,1.349
"---Operation and Maintenance, Army",Defense,Military defense,Department of Defense  Military (051),"Operation and Maintenance, Army",76.108,b,,,,76.108
"---Operation and Maintenance, Army National Guard",Defense,Military defense,Department of Defense  Military (051),"Operation and Maintenance, Army National Guard",7.377,b,,,,7.377
"---Operation and Maintenance, Army Reserve",Defense,Military defense,Department of Defense  Military (051),"Operation and Maintenance, Army Reserve",3.212,b,,,,3.212
---Afghanistan Security Forces Fund,Defense,Military defense,Department of Defense  Military (051),Afghanistan Security Forces Fund,8.809,b,,,,8.809
---Iraq Security Forces Fund,Defense,Military defense,Department of Defense  Military (051),Iraq Security Forces Fund,0.465,b,,,,0.465
---Afghanistan Infrastructure Fund,Defense,Military defense,Department of Defense  Military (051),Afghanistan Infrastructure Fund,0.356,b,,,,0.356
"---Operation and Maintenance, Air Force",Defense,Military defense,Department of Defense  Military (051),"Operation and Maintenance, Air Force",50.33,b,,,,50.33
"---Operation and Maintenance, Air Force Reserve",Defense,Military defense,Department of Defense  Military (051),"Operation and Maintenance, Air Force Reserve",3.307,b,,,,3.307
"---Operation and Maintenance, Air National Guard",Defense,Military defense,Department of Defense  Military (051),"Operation and Maintenance, Air National Guard",6.064,b,,,,6.064
---Military Intelligence Program Transfer Fund,Defense,Military defense,Department of Defense  Military (051),Military Intelligence Program Transfer Fund,0.078,b,,,,0.078
---The Department of Defense Environmental Restoration Accounts,Defense,Military defense,Department of Defense  Military (051),The Department of Defense Environmental Restoration Accounts,0.951,b,,,,0.951
"---Environmental Restoration, Formerly Used Defense Sites",Defense,Military defense,Department of Defense  Military (051),"Environmental Restoration, Formerly Used Defense Sites",0.225,b,,,,0.225
"---Overseas Humanitarian, Disaster, and Civic Aid",Defense,Military defense,Department of Defense  Military (051),"Overseas Humanitarian, Disaster, and Civic Aid",0.162,b,,,,0.162
---Allied Contributions and Cooperation Account,Defense,Military defense,Department of Defense  Military (051),Allied Contributions and Cooperation Account,0.904,b,,,,0.904
"---Procurement, Marine Corps",Defense,Military defense,Department of Defense  Military (051),"Procurement, Marine Corps",2.598,b,,,,2.598
---Mine Resistant Ambush Protected Vehicle Fund,Defense,Military defense,Department of Defense  Military (051),Mine Resistant Ambush Protected Vehicle Fund,0.78,b,,,,0.78
"---Aircraft Procurement, Navy",Defense,Military defense,Department of Defense  Military (051),"Aircraft Procurement, Navy",18.601,b,,,,18.601
"---Weapons Procurement, Navy",Defense,Military defense,Department of Defense  Military (051),"Weapons Procurement, Navy",3.32,b,,,,3.32
"---Procurement of Ammunition, Navy and Marine Corps",Defense,Military defense,Department of Defense  Military (051),"Procurement of Ammunition, Navy and Marine Corps",1.322,b,,,,1.322
"---Shipbuilding and Conversion, Navy",Defense,Military defense,Department of Defense  Military (051),"Shipbuilding and Conversion, Navy",14.034,b,,,,14.034
"---Other Procurement, Navy",Defense,Military defense,Department of Defense  Military (051),"Other Procurement, Navy",5.595,b,,,,5.595
"---Aircraft Procurement, Army",Defense,Military defense,Department of Defense  Military (051),"Aircraft Procurement, Army",6.818,b,,,,6.818
"---Missile Procurement, Army",Defense,Military defense,Department of Defense  Military (051),"Missile Procurement, Army",1.694,b,,,,1.694
"---Procurement of Weapons and Tracked Combat Vehicles, Army",Defense,Military defense,Department of Defense  Military (051),"Procurement of Weapons and Tracked Combat Vehicles, Army",3.114,b,,,,3.114
"---Procurement of Ammunition, Army",Defense,Military defense,Department of Defense  Military (051),"Procurement of Ammunition, Army",2.946,b,,,,2.946
"---Other Procurement, Army",Defense,Military defense,Department of Defense  Military (051),"Other Procurement, Army",12.416,b,,,,12.416
---Joint Improvised Explosive Device Defeat Fund,Defense,Military defense,Department of Defense  Military (051),Joint Improvised Explosive Device Defeat Fund,2.052,b,,,,2.052
"---Procurement, Defense-wide",Defense,Military defense,Department of Defense  Military (051),"Procurement, Defensewide",4.658,b,,,,4.658
"---Aircraft Procurement, Air Force",Defense,Military defense,Department of Defense  Military (051),"Aircraft Procurement, Air Force",15.824,b,,,,15.824
"---Procurement of Ammunition, Air Force",Defense,Military defense,Department of Defense  Military (051),"Procurement of Ammunition, Air Force",0.928,b,,,,0.928
"---Missile Procurement, Air Force",Defense,Military defense,Department of Defense  Military (051),"Missile Procurement, Air Force",5.747,b,,,,5.747
---Joint Urgent Operational Needs Fund,Defense,Military defense,Department of Defense  Military (051),Joint Urgent Operational Needs Fund,0.065,b,,,,0.065
"---Other Procurement, Air Force",Defense,Military defense,Department of Defense  Military (051),"Other Procurement, Air Force",19.494,b,,,,19.494
---National Guard and Reserve Equipment,Defense,Military defense,Department of Defense  Military (051),National Guard and Reserve Equipment,0.999,b,,,,0.999
---Defense Production Act Purchases,Defense,Military defense,Department of Defense  Military (051),Defense Production Act Purchases,0.136,b,,,,0.136
"---Chemical Agents and Munitions Destruction, Defense",Defense,Military defense,Department of Defense  Military (051),"Chemical Agents and Munitions Destruction, Defense",1.417,b,,,,1.417
"---Research, Development, Test and Evaluation, Navy",Defense,Military defense,Department of Defense  Military (051),"Research, Development, Test and Evaluation, Navy",17.416,b,,,,17.416
"---Research, Development, Test and Evaluation, Army",Defense,Military defense,Department of Defense  Military (051),"Research, Development, Test and Evaluation, Army",9.579,b,,,,9.579
"---Research, Development, Test and Evaluation, Air Force",Defense,Military defense,Department of Defense  Military (051),"Research, Development, Test and Evaluation, Air Force",26.151,b,,,,26.151
"---Research, Development, Test and Evaluation, Defense-wide",Defense,Military defense,Department of Defense  Military (051),"Research, Development, Test and Evaluation, Defensewide",18.492,b,,,,18.492
"---Operational Test and Evaluation, Defense",Defense,Military defense,Department of Defense  Military (051),"Operational Test and Evaluation, Defense",0.182,b,,,,0.182
"---Military Construction, Navy and Marine Corps",Defense,Military defense,Department of Defense  Military (051),"Military Construction, Navy and Marine Corps",3.267,b,,,,3.267
"---Military Construction, Navy Reserve",Defense,Military defense,Department of Defense  Military (051),"Military Construction, Navy Reserve",0.083,b,,,,0.083
"---Military Construction, Army",Defense,Military defense,Department of Defense  Military (051),"Military Construction, Army",7.286,b,,,,7.286
"---Military Construction, Army National Guard",Defense,Military defense,Department of Defense  Military (051),"Military Construction, Army National Guard",0.723,b,,,,0.723
"---Military Construction, Army Reserve",Defense,Military defense,Department of Defense  Military (051),"Military Construction, Army Reserve",0.342,b,,,,0.342
"---Military Construction, Air Force",Defense,Military defense,Department of Defense  Military (051),"Military Construction, Air Force",1.492,b,,,,1.492
"---Military Construction, Air National Guard",Defense,Military defense,Department of Defense  Military (051),"Military Construction, Air National Guard",0.251,b,,,,0.251
"---Chemical Demilitarization Construction, Defense-wide",Defense,Military defense,Department of Defense  Military (051),"Chemical Demilitarization Construction, Defensewide",0.12,b,,,,0.12
"---Military Construction, Defense-wide",Defense,Military defense,Department of Defense  Military (051),"Military Construction, Defensewide",3.621,b,,,,3.621
---Department of Defense Base Closure Account 1990,Defense,Military defense,Department of Defense  Military (051),Department of Defense Base Closure Account 1990,0.365,b,,,,0.365
---Department of Defense Base Closure Account 2005,Defense,Military defense,Department of Defense  Military (051),Department of Defense Base Closure Account 2005,1.337,b,,,,1.337
---North Atlantic Treaty Organization Security Investment Program,Defense,Military defense,Department of Defense  Military (051),North Atlantic Treaty Organization Security Investment Program,0.472,b,,,,0.472
"---Family Housing Construction, Army",Defense,Military defense,Department of Defense  Military (051),"Family Housing Construction, Army",0.144,b,,,,0.144
"---Family Housing Operation and Maintenance, Army",Defense,Military defense,Department of Defense  Military (051),"Family Housing Operation and Maintenance, Army",0.582,b,,,,0.582
"---Family Housing Construction, Navy and Marine Corps",Defense,Military defense,Department of Defense  Military (051),"Family Housing Construction, Navy and Marine Corps",0.098,b,,,,0.098
"---Family Housing Operation and Maintenance, Navy and Marine Corps",Defense,Military defense,Department of Defense  Military (051),"Family Housing Operation and Maintenance, Navy and Marine Corps",0.378,b,,,,0.378
"---Family Housing Construction, Air Force",Defense,Military defense,Department of Defense  Military (051),"Family Housing Construction, Air Force",0.301,b,,,,0.301
"---Family Housing Operation and Maintenance, Air Force",Defense,Military defense,Department of Defense  Military (051),"Family Housing Operation and Maintenance, Air Force",0.48,b,,,,0.48
"---Family Housing Operation and Maintenance, Defense-Wide",Defense,Military defense,Department of Defense  Military (051),"Family Housing Operation and Maintenance, DefenseWide",0.051,b,,,,0.051
---National Defense Sealift Fund,Defense,Military defense,Department of Defense  Military (051),National Defense Sealift Fund,1.543,b,,,,1.543
"---Working Capital Fund, Army",Defense,Military defense,Department of Defense  Military (051),"Working Capital Fund, Army",1.609,b,,,,1.609
"---Working Capital Fund, Navy",Defense,Military defense,Department of Defense  Military (051),"Working Capital Fund, Navy",-0.051,b,,,,-0.051
"---Working Capital Fund, Air Force",Defense,Military defense,Department of Defense  Military (051),"Working Capital Fund, Air Force",0.51,b,,,,0.51
"---Working Capital Fund, Defense Commissary Agency",Defense,Military defense,Department of Defense  Military (051),"Working Capital Fund, Defense Commissary Agency",1.409,b,,,,1.409
"---Working Capital Fund, Defense-Wide",Defense,Military defense,Department of Defense  Military (051),"Working Capital Fund, DefenseWide",1.097,b,,,,1.097
---Pentagon Reservation Maintenance Revolving Fund,Defense,Military defense,Department of Defense  Military (051),Pentagon Reservation Maintenance Revolving Fund,0.135,b,,,,0.135
---Voluntary Separation Incentive Fund,Defense,Military defense,Department of Defense  Military (051),Voluntary Separation Incentive Fund,0.108,b,,,,0.108
---Host Nation Support Fund for Relocation,Defense,Military defense,Department of Defense  Military (051),Host Nation Support Fund for Relocation,0.274,b,,,,0.274
"---Medicare-Eligible Retiree Health Fund Contribution, Navy",Defense,Military defense,Department of Defense  Military (051),"MedicareEligible Retiree Health Fund Contribution, Navy",1.184,b,,,,1.184
"---Medicare-Eligible Retiree Health Fund Contribution, Marine Corps",Defense,Military defense,Department of Defense  Military (051),"MedicareEligible Retiree Health Fund Contribution, Marine Corps",0.739,b,,,,0.739
"---Medicare-Eligible Retiree Health Fund Contribution, Reserve Personnel, Navy",Defense,Military defense,Department of Defense  Military (051),"MedicareEligible Retiree Health Fund Contribution, Reserve Personnel, Navy",0.142,b,,,,0.142
"---Medicare-Eligible Retiree Health Fund Contribution, Reserve Personnel, Marine Corps",Defense,Military defense,Department of Defense  Military (051),"MedicareEligible Retiree Health Fund Contribution, Reserve Personnel, Marine Corps",0.081,b,,,,0.081
"---Medicare-Eligible Retiree Health Fund Contribution, Army",Defense,Military defense,Department of Defense  Military (051),"MedicareEligible Retiree Health Fund Contribution, Army",2.052,b,,,,2.052
"---Medicare-Eligible Retiree Health Fund Contribution, Reserve Personnel, Army",Defense,Military defense,Department of Defense  Military (051),"MedicareEligible Retiree Health Fund Contribution, Reserve Personnel, Army",0.428,b,,,,0.428
"---Medicare-Eligible Retiree Health Fund Contribution, National Guard Personnel, Army",Defense,Military defense,Department of Defense  Military (051),"MedicareEligible Retiree Health Fund Contribution, National Guard Personnel, Army",0.746,b,,,,0.746
"---Medicare-Eligible Retiree Health Fund Contribution, Air Force",Defense,Military defense,Department of Defense  Military (051),"MedicareEligible Retiree Health Fund Contribution, Air Force",1.211,b,,,,1.211
"---Medicare-Eligible Retiree Health Fund Contribution, Reserve Personnel, Air Force",Defense,Military defense,Department of Defense  Military (051),"MedicareEligible Retiree Health Fund Contribution, Reserve Personnel, Air Force",0.143,b,,,,0.143
"---Medicare-Eligible Retiree Health Fund Contribution, National Guard Personnel, Air Force",Defense,Military defense,Department of Defense  Military (051),"MedicareEligible Retiree Health Fund Contribution, National Guard Personnel, Air Force",0.227,b,,,,0.227
"---Military Personnel, Marine Corps",Defense,Military defense,Department of Defense  Military (051),"Military Personnel, Marine Corps",14.037,b,,,,14.037
"---Reserve Personnel, Marine Corps",Defense,Military defense,Department of Defense  Military (051),"Reserve Personnel, Marine Corps",0.686,b,,,,0.686
"---Reserve Personnel, Navy",Defense,Military defense,Department of Defense  Military (051),"Reserve Personnel, Navy",1.917,b,,,,1.917
"---Military Personnel, Navy",Defense,Military defense,Department of Defense  Military (051),"Military Personnel, Navy",27.827,b,,,,27.827
"---Military Personnel, Army",Defense,Military defense,Department of Defense  Military (051),"Military Personnel, Army",49.731,b,,,,49.731
"---National Guard Personnel, Army",Defense,Military defense,Department of Defense  Military (051),"National Guard Personnel, Army",8.813,b,,,,8.813
"---Reserve Personnel, Army",Defense,Military defense,Department of Defense  Military (051),"Reserve Personnel, Army",4.518,b,,,,4.518
"---Military Personnel, Air Force",Defense,Military defense,Department of Defense  Military (051),"Military Personnel, Air Force",29.464,b,,,,29.464
"---Reserve Personnel, Air Force",Defense,Military defense,Department of Defense  Military (051),"Reserve Personnel, Air Force",1.738,b,,,,1.738
"---National Guard Personnel, Air Force",Defense,Military defense,Department of Defense  Military (051),"National Guard Personnel, Air Force",3.228,b,,,,3.228
---Concurrent Receipt Accrual Payments to the Military Retirement Fund,Defense,Military defense,Department of Defense  Military (051),Concurrent Receipt Accrual Payments to the Military Retirement Fund,6.95,b,,,,6.95
---Energy Employees Occupational Illness Compensation Fund,Defense,Military defense,Atomic energy defense activities (053),Energy Employees Occupational Illness Compensation Fund,1.26,b,,,,1.26
"---Administrative Expenses, Energy Employees Occupational Illness Compensation Fund",Defense,Military defense,Atomic energy defense activities (053),"Administrative Expenses, Energy Employees Occupational Illness Compensation Fund",0.129,b,,,,0.129
---Other Defense Activities,Defense,Military defense,Atomic energy defense activities (053),Other Defense Activities,0.964,b,,,,0.964
---Defense Environmental Cleanup,Defense,Military defense,Atomic energy defense activities (053),Defense Environmental Cleanup,6.186,b,,,,6.186
---Nuclear Energy,Defense,Military defense,Atomic energy defense activities (053),Nuclear Energy,0.07,b,,,,0.07
---Weapons Activities,Defense,Military defense,Atomic energy defense activities (053),Weapons Activities,7.753,b,,,,7.753
---Defense Nuclear Nonproliferation,Defense,Military defense,Atomic energy defense activities (053),Defense Nuclear Nonproliferation,2.669,b,,,,2.669
---Office of the Administrator,Defense,Military defense,Atomic energy defense activities (053),Office of the Administrator,0.432,b,,,,0.432
---Naval Reactors,Defense,Military defense,Atomic energy defense activities (053),Naval Reactors,1.06,b,,,,1.06
---Formerly Utilized Sites Remedial Action Program,Defense,Military defense,Atomic energy defense activities (053),Formerly Utilized Sites Remedial Action Program,0.108,b,,,,0.108
---CDC-Wide Activities and Program Support,Defense,Military defense,Atomic energy defense activities (053),CDCWide Activities and Program Support,0.055,b,,,,0.055
"---Payment from the General Fund, Radiation Exposure Compensation Trust Fund",Defense,Military defense,Defenserelated activities (054),"Payment from the General Fund, Radiation Exposure Compensation Trust Fund",-0.06,b,,,,-0.06
---Salaries and Expenses,Defense,Military defense,Defenserelated activities (054),Salaries and Expenses,5.041,b,,,,5.041
---Payment to Radiation Exposure Compensation Trust Fund,Defense,Military defense,Defenserelated activities (054),Payment to Radiation Exposure Compensation Trust Fund,0.06,b,,,,0.06
---Radiation Exposure Compensation Trust Fund,Defense,Military defense,Defenserelated activities (054),Radiation Exposure Compensation Trust Fund,0.06,b,,,,0.06
---Payment to Military Retirement Fund,Defense,Military defense,Defenserelated activities (054),Payment to Military Retirement Fund,67.179,b,,,,67.179
"---Federal Contributions, Military Retirement Fund",Defense,Military defense,Defenserelated activities (054),"Federal Contributions, Military Retirement Fund",-67.179,b,,,,-67.179
"---Federal Contributions, DoD Medicare-Eligible Retiree Health Care Fund",Defense,Military defense,Defenserelated activities (054),"Federal Contributions, DoD MedicareEligible Retiree Health Care Fund",-3.633,b,,,,-3.633
---Payment to Department of Defense Medicare-Eligible Retiree Health Care Fund,Defense,Military defense,Defenserelated activities (054),Payment to Department of Defense MedicareEligible Retiree Health Care Fund,3.633,b,,,,3.633
---Maritime Security Program,Defense,Military defense,Defenserelated activities (054),Maritime Security Program,0.184,b,,,,0.184
---Operating Expenses,Defense,Military defense,Defenserelated activities (054),Operating Expenses,0.342,b,,,,0.342
---Infrastructure Protection and Information Security,Defense,Military defense,Defenserelated activities (054),Infrastructure Protection and Information Security,1.259,b,,,,1.259
---Salaries and Expenses,Defense,Military defense,Defenserelated activities (054),Salaries and Expenses,0.066,b,,,,0.066
---Central Intelligence Agency Retirement and Disability System Fund,Defense,Military defense,Defenserelated activities (054),Central Intelligence Agency Retirement and Disability System Fund,0.514,b,,,,0.514
---Research and Related Activities,Defense,Military defense,Defenserelated activities (054),Research and Related Activities,0.054,b,,,,0.054
---Intelligence Community Management Account,Defense,Military defense,Defenserelated activities (054),Intelligence Community Management Account,0.553,b,,,,0.553
-Civil defense,Defense,Civil defense,,,0.0,,0.0,0.0,0.0,0.0
"---NSLI Fund, Premium and Other Receipts",Defense,Veterans,Income security for veterans (701),"NSLI Fund, Premium and Other Receipts",-0.069,b,,,,-0.069
---Compensation and Pensions,Defense,Veterans,Income security for veterans (701),Compensation and Pensions,0.221,b,,,,0.221
---Veterans Insurance and Indemnities,Defense,Veterans,Income security for veterans (701),Veterans Insurance and Indemnities,0.105,b,,,,0.105
---Compensation,Defense,Veterans,Income security for veterans (701),Compensation,59.386,b,,,,59.386
---Pensions benefits,Defense,Veterans,Income security for veterans (701),Pensions benefits,4.914,b,,,,4.914
---National Service Life Insurance Fund,Defense,Veterans,Income security for veterans (701),National Service Life Insurance Fund,1.081,b,,,,1.081
---Veterans Special Life Insurance Fund,Defense,Veterans,Income security for veterans (701),Veterans Special Life Insurance Fund,0.053,b,,,,0.053
---Veterans Employment and Training,Defense,Veterans,"Veterans education, training, and rehabilitation (702)",Veterans Employment and Training,0.066,b,,,,0.066
"---Employing Agency Contributions, Education Benefits Fund",Defense,Veterans,"Veterans education, training, and rehabilitation (702)","Employing Agency Contributions, Education Benefits Fund",-0.264,b,,,,-0.264
---Education Benefits Fund,Defense,Veterans,"Veterans education, training, and rehabilitation (702)",Education Benefits Fund,0.428,b,,,,0.428
"---Contributions from Military Personnel, Veteran's Educational Assistance Act of 1984",Defense,Veterans,"Veterans education, training, and rehabilitation (702)","Contributions from Military Personnel, Veteran's Educational Assistance Act of 1984",-0.139,b,,,,-0.139
---Readjustment Benefits,Defense,Veterans,"Veterans education, training, and rehabilitation (702)",Readjustment Benefits,13.716,b,,,,13.716
"---Pharmaceutical Co-payments, MCCF",Defense,Veterans,Hospital and medical care for veterans (703),"Pharmaceutical Copayments, MCCF",-0.759,b,,,,-0.759
"---First Party Collections, MCCF",Defense,Veterans,Hospital and medical care for veterans (703),"First Party Collections, MCCF",-0.188,b,,,,-0.188
"---Third Party Collections, MCCF",Defense,Veterans,Hospital and medical care for veterans (703),"Third Party Collections, MCCF",-1.917,b,,,,-1.917
"---Compensated Work Therapy, MCCF",Defense,Veterans,Hospital and medical care for veterans (703),"Compensated Work Therapy, MCCF",-0.057,b,,,,-0.057
---Medical Support and Compliance,Defense,Veterans,Hospital and medical care for veterans (703),Medical Support and Compliance,5.637,b,,,,5.637
---Medical Services,Defense,Veterans,Hospital and medical care for veterans (703),Medical Services,0.765,b,,,,0.765
---Medical Services,Defense,Veterans,Hospital and medical care for veterans (703),Medical Services,42.775,b,,,,42.775
---Medical and Prosthetic Research,Defense,Veterans,Hospital and medical care for veterans (703),Medical and Prosthetic Research,0.573,b,,,,0.573
---Medical Facilities,Defense,Veterans,Hospital and medical care for veterans (703),Medical Facilities,5.282,b,,,,5.282
---DOD-VA Health Care Sharing Incentive Fund,Defense,Veterans,Hospital and medical care for veterans (703),DODVA Health Care Sharing Incentive Fund,0.08,b,,,,0.08
"---Construction, Major Projects",Defense,Veterans,Hospital and medical care for veterans (703),"Construction, Major Projects",0.945,b,,,,0.945
"---Construction, Minor Projects",Defense,Veterans,Hospital and medical care for veterans (703),"Construction, Minor Projects",0.421,b,,,,0.421
---Grants for Construction of State Extended Care Facilities,Defense,Veterans,Hospital and medical care for veterans (703),Grants for Construction of State Extended Care Facilities,0.074,b,,,,0.074
---Housing Negative Subsidies,Defense,Veterans,Veterans housing (704),Housing Negative Subsidies,-0.083,b,,,,-0.083
---Veterans Housing Benefit Program Fund,Defense,Veterans,Veterans housing (704),Veterans Housing Benefit Program Fund,0.158,b,,,,0.158
---Veterans Housing Benefit Program Fund,Defense,Veterans,Veterans housing (704),Veterans Housing Benefit Program Fund,0.186,b,,,,0.186
---Salaries and Expenses,Defense,Veterans,Other veterans benefits and services (705),Salaries and Expenses,0.074,b,,,,0.074
---National Cemetery Administration,Defense,Veterans,Other veterans benefits and services (705),National Cemetery Administration,0.253,b,,,,0.253
---General Administration,Defense,Veterans,Other veterans benefits and services (705),General Administration,2.501,b,,,,2.501
---Information Technology Systems,Defense,Veterans,Other veterans benefits and services (705),Information Technology Systems,3.716,b,,,,3.716
---Office of Inspector General,Defense,Veterans,Other veterans benefits and services (705),Office of Inspector General,0.11,b,,,,0.11
---Supply Fund,Defense,Veterans,Other veterans benefits and services (705),Supply Fund,-0.1,b,,,,-0.1
--Current Operations - Veterans Bonuses (Disc. 2005) (E84),Defense,Veterans,Current Operations  Veterans Bonuses (Disc. 2005) (E84),,0.0,,0.0,0.0,0.0,0.0
--Current Operations - State Veterans' Services (E85),Defense,Veterans,Current Operations  State Veterans' Services (E85),,0.0,g,0.0,0.4,0.0,0.4
--Construction - State Veterans' Services (F85),Defense,Veterans,Construction  State Veterans' Services (F85),,0.0,g,0.0,0.1,0.0,0.1
--Other Capital Outlay - State Veterans' Services (G85),Defense,Veterans,Other Capital Outlay  State Veterans' Services (G85),,0.0,g,0.0,0.6,0.0,0.6
--Assistance and Subsidies - Other Veterans Services (J85),Defense,Veterans,Assistance and Subsidies  Other Veterans Services (J85),,0.0,g,0.0,0.1,0.0,0.1
---Peacekeeping Operations,Defense,Foreign military aid,International security assistance (152),Peacekeeping Operations,0.416,b,,,,0.416
---Economic Support Fund,Defense,Foreign military aid,International security assistance (152),Economic Support Fund,5.949,b,,,,5.949
"---Nonproliferation, Antiterrorism, Demining, and Related Programs",Defense,Foreign military aid,International security assistance (152),"Nonproliferation, Antiterrorism, Demining, and Related Programs",0.604,b,,,,0.604
---International Military Education and Training,Defense,Foreign military aid,International security assistance (152),International Military Education and Training,0.104,b,,,,0.104
---Foreign Military Financing Program,Defense,Foreign military aid,International security assistance (152),Foreign Military Financing Program,6.556,b,,,,6.556
---Pakistan Counterinsurgency Capability Fund,Defense,Foreign military aid,International security assistance (152),Pakistan Counterinsurgency Capability Fund,0.64,b,,,,0.64
---Foreign Military Loan Liquidating Account,Defense,Foreign military aid,International security assistance (152),Foreign Military Loan Liquidating Account,-0.173,b,,,,-0.173
---International Narcotics Control and Law Enforcement,Defense,Foreign economic aid,International development and humanitarian assistance (151),International Narcotics Control and Law Enforcement,2.836,b,,,,2.836
---Global Health Programs,Defense,Foreign economic aid,International development and humanitarian assistance (151),Global Health Programs,8.693,b,,,,8.693
---Democracy Fund,Defense,Foreign economic aid,International development and humanitarian assistance (151),Democracy Fund,0.149,b,,,,0.149
---Migration and Refugee Assistance,Defense,Foreign economic aid,International development and humanitarian assistance (151),Migration and Refugee Assistance,1.606,b,,,,1.606
---Andean Counterdrug Programs,Defense,Foreign economic aid,International development and humanitarian assistance (151),Andean Counterdrug Programs,0.081,b,,,,0.081
---Middle East and North Africa Incentive Fund,Defense,Foreign economic aid,International development and humanitarian assistance (151),Middle East and North Africa Incentive Fund,0.193,b,,,,0.193
---United States Emergency Refugee and Migration Assistance Fund,Defense,Foreign economic aid,International development and humanitarian assistance (151),United States Emergency Refugee and Migration Assistance Fund,0.062,b,,,,0.062
---International Organizations and Programs,Defense,Foreign economic aid,International development and humanitarian assistance (151),International Organizations and Programs,0.399,b,,,,0.399
---Global Food Security Fund,Defense,Foreign economic aid,International development and humanitarian assistance (151),Global Food Security Fund,0.134,b,,,,0.134
---Contribution to the Inter-American Development Bank,Defense,Foreign economic aid,International development and humanitarian assistance (151),Contribution to the InterAmerican Development Bank,0.102,b,,,,0.102
---Contribution to the International Development Association,Defense,Foreign economic aid,International development and humanitarian assistance (151),Contribution to the International Development Association,1.357,b,,,,1.357
---Contribution to the Asian Development Bank,Defense,Foreign economic aid,International development and humanitarian assistance (151),Contribution to the Asian Development Bank,0.214,b,,,,0.214
---Contribution to the International Bank for Reconstruction and Development,Defense,Foreign economic aid,International development and humanitarian assistance (151),Contribution to the International Bank for Reconstruction and Development,0.316,b,,,,0.316
---Contribution to the African Development Bank,Defense,Foreign economic aid,International development and humanitarian assistance (151),Contribution to the African Development Bank,0.218,b,,,,0.218
---Clean Technology Fund,Defense,Foreign economic aid,International development and humanitarian assistance (151),Clean Technology Fund,0.185,b,,,,0.185
---Debt Restructuring,Defense,Foreign economic aid,International development and humanitarian assistance (151),Debt Restructuring,0.183,b,,,,0.183
---Operating Expenses of the Agency for International Development,Defense,Foreign economic aid,International development and humanitarian assistance (151),Operating Expenses of the Agency for International Development,1.314,b,,,,1.314
"---Operating Expenses, Office of Inspector General",Defense,Foreign economic aid,International development and humanitarian assistance (151),"Operating Expenses, Office of Inspector General",0.062,b,,,,0.062
---Development Assistance Program,Defense,Foreign economic aid,International development and humanitarian assistance (151),Development Assistance Program,2.365,b,,,,2.365
---HIV/AIDS Working Capital Fund,Defense,Foreign economic aid,International development and humanitarian assistance (151),HIV/AIDS Working Capital Fund,0.08,b,,,,0.08
---International Disaster Assistance,Defense,Foreign economic aid,International development and humanitarian assistance (151),International Disaster Assistance,0.916,b,,,,0.916
---Development Credit Authority Program Account,Defense,Foreign economic aid,International development and humanitarian assistance (151),Development Credit Authority Program Account,0.059,b,,,,0.059
---Capital Investment Fund of the United States Agency for International Development.,Defense,Foreign economic aid,International development and humanitarian assistance (151),Capital Investment Fund of the United States Agency for International Development.,0.137,b,,,,0.137
"---Assistance for Europe, Eurasia and Central Asia",Defense,Foreign economic aid,International development and humanitarian assistance (151),"Assistance for Europe, Eurasia and Central Asia",0.576,b,,,,0.576
---Economic Assistance Loans Liquidating Account,Defense,Foreign economic aid,International development and humanitarian assistance (151),Economic Assistance Loans Liquidating Account,-0.344,b,,,,-0.344
---Overseas Private Investment Corporation Program Account,Defense,Foreign economic aid,International development and humanitarian assistance (151),Overseas Private Investment Corporation Program Account,0.054,b,,,,0.054
"---Overseas Private Investment Corporation Loans, Negative Subsidies",Defense,Foreign economic aid,International development and humanitarian assistance (151),"Overseas Private Investment Corporation Loans, Negative Subsidies",-0.1,b,,,,-0.1
---Overseas Private Investment Corporation Noncredit Account,Defense,Foreign economic aid,International development and humanitarian assistance (151),Overseas Private Investment Corporation Noncredit Account,-0.175,b,,,,-0.175
---Trade and Development Agency,Defense,Foreign economic aid,International development and humanitarian assistance (151),Trade and Development Agency,0.061,b,,,,0.061
---Peace Corps,Defense,Foreign economic aid,International development and humanitarian assistance (151),Peace Corps,0.375,b,,,,0.375
---Millennium Challenge Corporation,Defense,Foreign economic aid,International development and humanitarian assistance (151),Millennium Challenge Corporation,1.484,b,,,,1.484
"---Expenses, Public Law 480, Foreign Assistance Programs, Agriculture Liquidating Account",Defense,Foreign economic aid,International development and humanitarian assistance (151),"Expenses, Public Law 480, Foreign Assistance Programs, Agriculture Liquidating Account",-0.276,b,,,,-0.276
---Food for Peace Title II Grants,Defense,Foreign economic aid,International development and humanitarian assistance (151),Food for Peace Title II Grants,1.437,b,,,,1.437
---McGovern-Dole International Food for Education and Child Nutrition Program,Defense,Foreign economic aid,International development and humanitarian assistance (151),McGovernDole International Food for Education and Child Nutrition Program,0.202,b,,,,0.202
"---Federal Contributions, Foreign Service Retirement and Disability Fund",Defense,Foreign economic aid,Conduct of foreign affairs (153),"Federal Contributions, Foreign Service Retirement and Disability Fund",-0.286,b,,,,-0.286
---Contributions for International Peacekeeping Activities,Defense,Foreign economic aid,Conduct of foreign affairs (153),Contributions for International Peacekeeping Activities,2.05,b,,,,2.05
---Contributions to International Organizations,Defense,Foreign economic aid,Conduct of foreign affairs (153),Contributions to International Organizations,1.569,b,,,,1.569
---Diplomatic and Consular Programs,Defense,Foreign economic aid,Conduct of foreign affairs (153),Diplomatic and Consular Programs,10.852,b,,,,10.852
---Capital Investment Fund,Defense,Foreign economic aid,Conduct of foreign affairs (153),Capital Investment Fund,0.082,b,,,,0.082
---Conflict Stabilization Operations,Defense,Foreign economic aid,Conduct of foreign affairs (153),Conflict Stabilization Operations,0.071,b,,,,0.071
---Working Capital Fund,Defense,Foreign economic aid,Conduct of foreign affairs (153),Working Capital Fund,0.276,b,,,,0.276
---Office of the Inspector General,Defense,Foreign economic aid,Conduct of foreign affairs (153),Office of the Inspector General,0.13,b,,,,0.13
"---Embassy Security, Construction, and Maintenance",Defense,Foreign economic aid,Conduct of foreign affairs (153),"Embassy Security, Construction, and Maintenance",1.287,b,,,,1.287
---Payment to Foreign Service Retirement and Disability Fund,Defense,Foreign economic aid,Conduct of foreign affairs (153),Payment to Foreign Service Retirement and Disability Fund,0.286,b,,,,0.286
---Salaries and Expenses,Defense,Foreign economic aid,Conduct of foreign affairs (153),Salaries and Expenses,0.083,b,,,,0.083
---National Endowment for Democracy,Defense,Foreign economic aid,Foreign information and exchange activities (154),National Endowment for Democracy,0.135,b,,,,0.135
---Educational and Cultural Exchange Programs,Defense,Foreign economic aid,Foreign information and exchange activities (154),Educational and Cultural Exchange Programs,0.652,b,,,,0.652
---International Broadcasting Operations,Defense,Foreign economic aid,Foreign information and exchange activities (154),International Broadcasting Operations,0.717,b,,,,0.717
---Exchange Stabilization Fund,Defense,Foreign economic aid,International financial programs (155),Exchange Stabilization Fund,-0.296,b,,,,-0.296
"---Deposits, Advances, Foreign Military Sales Trust Fund",Defense,Foreign economic aid,International financial programs (155),"Deposits, Advances, Foreign Military Sales Trust Fund",-27.743,b,,,,-27.743
---Foreign Military Sales Trust Fund,Defense,Foreign economic aid,International financial programs (155),Foreign Military Sales Trust Fund,30.867,b,,,,30.867
---Export-Import Bank Loans Program Account,Defense,Foreign economic aid,International financial programs (155),ExportImport Bank Loans Program Account,-0.403,b,,,,-0.403
"---Export-Import Bank Loans, Negative Subsidies",Defense,Foreign economic aid,International financial programs (155),"ExportImport Bank Loans, Negative Subsidies",-0.364,b,,,,-0.364
--International cooperation (156),Defense,Foreign economic aid,International cooperation (156),,0.0,,0.0,0.0,0.0,0.0
-R&D Defence,Defense,R&D Defence,,,0.0,,0.0,0.0,0.0,0.0
--Defense Overseas Contingency Operations (059),Defense,Defence n.e.c.,Defense Overseas Contingency Operations (059),,0.0,,0.0,0.0,0.0,0.0
--Current Operations - Police Protection (E62),Protection,Police services,Current Operations  Police Protection (E62),,0.0,g,0.0,12.9,86.8,99.7
--Construction - Police Protection (F62),Protection,Police services,Construction  Police Protection (F62),,0.0,g,0.0,0.2,1.5,1.6
--Other Capital Outlay - Police Protection (G62),Protection,Police services,Other Capital Outlay  Police Protection (G62),,0.0,g,0.0,0.7,2.4,3.2
--Current Operations - Local Fire Protection (E24),Protection,Fireprotection services,Current Operations  Local Fire Protection (E24),,0.0,g,0.0,0.0,40.1,40.1
--Construction - Local Fire Protection (F24),Protection,Fireprotection services,Construction  Local Fire Protection (F24),,0.0,g,0.0,0.0,1.3,1.3
--Other Capital Outlay - Local Fire Protection (G24),Protection,Fireprotection services,Other Capital Outlay  Local Fire Protection (G24),,0.0,g,0.0,0.0,1.8,1.8
"---Fees for Bankruptcy Oversight, U.S. Trustees System",Protection,Law courts,Federal litigative and judicial activities (752),"Fees for Bankruptcy Oversight, U.S. Trustees System",-0.267,b,,,,-0.267
---Federal Prisoner Detention,Protection,Law courts,Federal litigative and judicial activities (752),Federal Prisoner Detention,1.418,b,,,,1.418
"---Salaries and Expenses, General Legal Activities",Protection,Law courts,Federal litigative and judicial activities (752),"Salaries and Expenses, General Legal Activities",0.988,b,,,,0.988
---Fees and Expenses of Witnesses,Protection,Law courts,Federal litigative and judicial activities (752),Fees and Expenses of Witnesses,0.323,b,,,,0.323
"---Salaries and Expenses, United States Attorneys",Protection,Law courts,Federal litigative and judicial activities (752),"Salaries and Expenses, United States Attorneys",2.077,b,,,,2.077
"---Salaries and Expenses, United States Marshals Service",Protection,Law courts,Federal litigative and judicial activities (752),"Salaries and Expenses, United States Marshals Service",1.454,b,,,,1.454
---Assets Forfeiture Fund,Protection,Law courts,Federal litigative and judicial activities (752),Assets Forfeiture Fund,-0.676,b,,,,-0.676
---Assets Forfeiture Fund,Protection,Law courts,Federal litigative and judicial activities (752),Assets Forfeiture Fund,0.566,b,,,,0.566
---Assets Forfeiture Fund,Protection,Law courts,Federal litigative and judicial activities (752),Assets Forfeiture Fund,3.633,b,,,,3.633
---United States Trustee System Fund,Protection,Law courts,Federal litigative and judicial activities (752),United States Trustee System Fund,0.226,b,,,,0.226
---Salaries and Expenses,Protection,Law courts,Federal litigative and judicial activities (752),Salaries and Expenses,0.053,b,,,,0.053
"---Proceeds from Sale of Property, Judiciary Information Technology Fund",Protection,Law courts,Federal litigative and judicial activities (752),"Proceeds from Sale of Property, Judiciary Information Technology Fund",-0.165,b,,,,-0.165
"---Advances and Reimbursements, Judiciary Information Technology Fund",Protection,Law courts,Federal litigative and judicial activities (752),"Advances and Reimbursements, Judiciary Information Technology Fund",-0.3,b,,,,-0.3
---Federal Payment to Judicial Officers Retirement Fund,Protection,Law courts,Federal litigative and judicial activities (752),Federal Payment to Judicial Officers Retirement Fund,-0.095,b,,,,-0.095
---Judiciary Filing Fees,Protection,Law courts,Federal litigative and judicial activities (752),Judiciary Filing Fees,0.44,b,,,,0.44
---Judiciary Information Technology Fund,Protection,Law courts,Federal litigative and judicial activities (752),Judiciary Information Technology Fund,0.6,b,,,,0.6
---Salaries and Expenses,Protection,Law courts,Federal litigative and judicial activities (752),Salaries and Expenses,4.802,b,,,,4.802
---Salaries and Expenses,Protection,Law courts,Federal litigative and judicial activities (752),Salaries and Expenses,0.338,b,,,,0.338
---Defender Services,Protection,Law courts,Federal litigative and judicial activities (752),Defender Services,1.063,b,,,,1.063
---Fees of Jurors and Commissioners,Protection,Law courts,Federal litigative and judicial activities (752),Fees of Jurors and Commissioners,0.055,b,,,,0.055
---Court Security,Protection,Law courts,Federal litigative and judicial activities (752),Court Security,0.51,b,,,,0.51
---Salaries and Expenses,Protection,Law courts,Federal litigative and judicial activities (752),Salaries and Expenses,0.085,b,,,,0.085
---Payment to Judiciary Trust Funds,Protection,Law courts,Federal litigative and judicial activities (752),Payment to Judiciary Trust Funds,0.125,b,,,,0.125
---Salaries and Expenses,Protection,Law courts,Federal litigative and judicial activities (752),Salaries and Expenses,0.075,b,,,,0.075
---Payment to Legal Services Corporation,Protection,Law courts,Federal litigative and judicial activities (752),Payment to Legal Services Corporation,0.398,b,,,,0.398
---Federal Payment to Court Services and Offender Supervision Agency for the District of Columbia,Protection,Law courts,Federal litigative and judicial activities (752),Federal Payment to Court Services and Offender Supervision Agency for the District of Columbia,0.216,b,,,,0.216
"---Research, Evaluation, and Statistics",Protection,Law courts,Criminal justice assistance (754),"Research, Evaluation, and Statistics",0.134,b,,,,0.134
"---Research, Evaluation, and Statistics",Protection,Law courts,Criminal justice assistance (754),"Research, Evaluation, and Statistics",0.1,b,,,,0.1
---Public Safety Officer Benefits,Protection,Law courts,Criminal justice assistance (754),Public Safety Officer Benefits,0.065,b,,,,0.065
---State and Local Law Enforcement Assistance,Protection,Law courts,Criminal justice assistance (754),State and Local Law Enforcement Assistance,1.589,b,,,,1.589
---Juvenile Justice Programs,Protection,Law courts,Criminal justice assistance (754),Juvenile Justice Programs,0.341,b,,,,0.341
---Community Oriented Policing Services,Protection,Law courts,Criminal justice assistance (754),Community Oriented Policing Services,0.518,b,,,,0.518
---Violence against Women Prevention and Prosecution Programs,Protection,Law courts,Criminal justice assistance (754),Violence against Women Prevention and Prosecution Programs,0.533,b,,,,0.533
---Community Oriented Policing Stabilization Fund,Protection,Law courts,Criminal justice assistance (754),Community Oriented Policing Stabilization Fund,1.597,b,,,,1.597
---Crime Victims Fund,Protection,Law courts,Criminal justice assistance (754),Crime Victims Fund,-4.955,b,,,,-4.955
---Crime Victims Fund,Protection,Law courts,Criminal justice assistance (754),Crime Victims Fund,1.095,b,,,,1.095
---Crime Victims Fund,Protection,Law courts,Criminal justice assistance (754),Crime Victims Fund,5.002,b,,,,5.002
---September 11th Victim Compensation (general Fund),Protection,Law courts,Criminal justice assistance (754),September 11th Victim Compensation (general Fund),0.322,b,,,,0.322
---High-intensity Drug Trafficking Areas Program,Protection,Law courts,Criminal justice assistance (754),Highintensity Drug Trafficking Areas Program,0.238,b,,,,0.238
--Current Operations - Judicial and Legal Services (E25),Protection,Law courts,Current Operations  Judicial and Legal Services (E25),,0.0,g,0.0,21.3,22.4,43.7
--Construction - Judicial and Legal Services (F25),Protection,Law courts,Construction  Judicial and Legal Services (F25),,0.0,g,0.0,0.2,0.3,0.5
--Other Capital Outlay - Judicial and Legal Services (G25),Protection,Law courts,Other Capital Outlay  Judicial and Legal Services (G25),,0.0,g,0.0,0.2,0.3,0.5
---Buildings and Facilities,Protection,Prisons,Federal correctional activities (753),Buildings and Facilities,0.135,b,,,,0.135
---Salaries and Expenses,Protection,Prisons,Federal correctional activities (753),Salaries and Expenses,6.794,b,,,,6.794
---Detention Trustee,Protection,Prisons,Federal correctional activities (753),Detention Trustee,0.237,b,,,,0.237
--Current Operations - Correctional Institutions (E04),Protection,Prisons,Current Operations  Correctional Institutions (E04),,0.0,g,0.0,35.5,19.5,55.0
--Current Operations - Corrections - Other (E05),Protection,Prisons,Current Operations  Corrections  Other (E05),,0.0,g,0.0,8.3,4.6,12.9
--Construction - Correctional Institutions (F04),Protection,Prisons,Construction  Correctional Institutions (F04),,0.0,g,0.0,1.7,1.5,3.1
--Construction - Corrections - Other (F05),Protection,Prisons,Construction  Corrections  Other (F05),,0.0,g,0.0,0.0,0.1,0.1
--Other Capital Outlay - Correctional Institutions (G04),Protection,Prisons,Other Capital Outlay  Correctional Institutions (G04),,0.0,g,0.0,0.3,0.5,0.8
--Other Capital Outlay - Corrections - Other (G05),Protection,Prisons,Other Capital Outlay  Corrections  Other (G05),,0.0,g,0.0,0.1,0.1,0.1
-R&D Public order and safety,Protection,R&D Public order and safety,,,0.0,,0.0,0.0,0.0,0.0
"--Current Operations - Protective Inspection and Regulation, NEC (E66)",Protection,Public order and safety n.e.c.,"Current Operations  Protective Inspection and Regulation, NEC (E66)",,0.0,g,0.0,9.4,5.2,14.6
"--Construction - Protective Inspection and Regulation, NEC (F66)",Protection,Public order and safety n.e.c.,"Construction  Protective Inspection and Regulation, NEC (F66)",,0.0,g,0.0,0.0,0.5,0.5
"--Other Capital Outlay - Protective Inspection and Regulation, NEC (G66)",Protection,Public order and safety n.e.c.,"Other Capital Outlay  Protective Inspection and Regulation, NEC (G66)",,0.0,g,0.0,0.1,0.1,0.2
--Federal Intergovernmental - Natural Resources (B59),Exercicio,Total,Federal Intergovernmental  Natural Resources (B59),,0.0,g,-2.6,0.0,0.0,-2.6
--Federal Intergovernmental - Electric Utilities (B92),Exercicio,Total,Federal Intergovernmental  Electric Utilities (B92),,0.0,g,-0.2,0.0,0.0,-0.2
--Federal Intergovernmental - Gas Utilities (B93),Exercicio,Total,Federal Intergovernmental  Gas Utilities (B93),,0.0,,0.0,0.0,0.0,0.0
--Federal Intergovernmental - Air Transportation (B01),Exercicio,Total,Federal Intergovernmental  Air Transportation (B01),,0.0,g,-2.9,0.0,0.0,-2.9
--Federal Intergovernmental - Highways (B46),Exercicio,Total,Federal Intergovernmental  Highways (B46),,0.0,g,-46.4,0.0,0.0,-46.4
--Federal Intergovernmental - Transit Utilities (B94),Exercicio,Total,Federal Intergovernmental  Transit Utilities (B94),,0.0,g,-11.6,0.0,0.0,-11.6
--Federal Intergovernmental - Sewerage (B80),Exercicio,Total,Federal Intergovernmental  Sewerage (B80),,0.0,g,-3.4,0.0,0.0,-3.4
--Federal Intergovernmental - Water Utilities (B91),Exercicio,Total,Federal Intergovernmental  Water Utilities (B91),,0.0,g,-1.7,0.0,0.0,-1.7
--Federal Intergovernmental - Health and Hospitals (B42),Exercicio,Total,Federal Intergovernmental  Health and Hospitals (B42),,0.0,g,-28.2,0.0,0.0,-28.2
--Intergovernmental Revenue from Federal - Environmental Health (NEW for 2007) (B43),Exercicio,Total,Intergovernmental Revenue from Federal  Environmental Health (NEW for 2007) (B43),,0.0,,0.0,0.0,0.0,0.0
--Federal Intergovernmental - Public Welfare (B79),Exercicio,Total,Federal Intergovernmental  Public Welfare (B79),,0.0,g,-337.8,0.0,0.0,-337.8
--Federal Intergovernmental - Education (B21),Exercicio,Total,Federal Intergovernmental  Education (B21),,0.0,g,-104.4,0.0,0.0,-104.4
--Federal Intergovernmental - Employment Security Administration (B22),Exercicio,Total,Federal Intergovernmental  Employment Security Administration (B22),,0.0,g,-5.5,0.0,0.0,-5.5
--Federal Intergovernmental - Housing and Community Development (B50),Exercicio,Total,Federal Intergovernmental  Housing and Community Development (B50),,0.0,g,-48.9,0.0,0.0,-48.9
--Total federal outlays (000),Exercicio,Total,Total federal outlays (000),,3803.4,b,0.0,0.0,0.0,3803.4
--Total state/local outlays (E00),Exercicio,Total,Total state/local outlays (E00),,0.0,g,0.0,"1,511.3","1,602.2",3113.5
--Total federal outlays (000),Ler Artigo,Exercicio,Total federal outlays (000),,3803.4,b,0.0,0.0,0.0,3803.4
--Long Term Debt Outstanding - Full Faith and Credit - Water Utilities (Disc. 2005) (41A),Ler Artigo,Public Debt,Long Term Debt Outstanding  Full Faith and Credit  Water Utilities (Disc. 2005) (41A),,0.0,,0.0,0.0,0.0,0.0
--Long Term Debt Outstanding - Full Faith and Credit - Electric Utilities (Disc. 2005) (41B),Ler Artigo,Public Debt,Long Term Debt Outstanding  Full Faith and Credit  Electric Utilities (Disc. 2005) (41B),,0.0,,0.0,0.0,0.0,0.0
--Long Term Debt Outstanding - Full Faith and Credit - Gas Utilities (Disc. 2005) (41C),Ler Artigo,Public Debt,Long Term Debt Outstanding  Full Faith and Credit  Gas Utilities (Disc. 2005) (41C),,0.0,,0.0,0.0,0.0,0.0
--Long Term Debt Outstanding - Full Faith and Credit - Transit Utilities (Disc. 2005) (41D),Ler Artigo,Public Debt,Long Term Debt Outstanding  Full Faith and Credit  Transit Utilities (Disc. 2005) (41D),,0.0,,0.0,0.0,0.0,0.0
--Long Term Debt Outstanding - Full Faith and Credit - Elementary and Secondary Educati (41F),Ler Artigo,Public Debt,Long Term Debt Outstanding  Full Faith and Credit  Elementary and Secondary Educati (41F),,0.0,,0.0,0.0,0.0,0.0
--Long Term Debt Outstanding - Full Faith and Credit - Higher Education (Disc. 2005) (41G),Ler Artigo,Public Debt,Long Term Debt Outstanding  Full Faith and Credit  Higher Education (Disc. 2005) (41G),,0.0,,0.0,0.0,0.0,0.0
"--Long Term Debt Outstanding - Full Faith and Credit - Other, NEC (Disc. 2005) (41X)",Ler Artigo,Public Debt,"Long Term Debt Outstanding  Full Faith and Credit  Other, NEC (Disc. 2005) (41X)",,0.0,,0.0,0.0,0.0,0.0
--Long Term Debt Outstanding Nonguaranteed - Water Utilities (Disc. 2005) (44A),Ler Artigo,Public Debt,Long Term Debt Outstanding Nonguaranteed  Water Utilities (Disc. 2005) (44A),,0.0,,0.0,0.0,0.0,0.0
--Long Term Debt Outstanding Nonguaranteed - Electric Utilities (Disc. 2005) (44B),Ler Artigo,Public Debt,Long Term Debt Outstanding Nonguaranteed  Electric Utilities (Disc. 2005) (44B),,0.0,,0.0,0.0,0.0,0.0
--Long Term Debt Outstanding Nonguaranteed - Gas Utilities (Disc. 2005) (44C),Ler Artigo,Public Debt,Long Term Debt Outstanding Nonguaranteed  Gas Utilities (Disc. 2005) (44C),,0.0,,0.0,0.0,0.0,0.0
--Long Term Debt Outstanding Nonguaranteed - Transit Utilities (Disc. 2005) (44D),Ler Artigo,Public Debt,Long Term Debt Outstanding Nonguaranteed  Transit Utilities (Disc. 2005) (44D),,0.0,,0.0,0.0,0.0,0.0
--Long Term Debt Outstanding Nonguaranteed - Elementary and Secondary Education (Disc.  (44F),Ler Artigo,Public Debt,Long Term Debt Outstanding Nonguaranteed  Elementary and Secondary Education (Disc.  (44F),,0.0,,0.0,0.0,0.0,0.0
--Long Term Debt Outstanding Nonguaranteed - Higher Education (Disc. 2005) (44G),Ler Artigo,Public Debt,Long Term Debt Outstanding Nonguaranteed  Higher Education (Disc. 2005) (44G),,0.0,,0.0,0.0,0.0,0.0
"--Long-term Debt Outstanding, End Of Fiscal Year, Public Debt For Private Purposes (44T)",Ler Artigo,Public Debt,"Longterm Debt Outstanding, End Of Fiscal Year, Public Debt For Private Purposes (44T)",,0.0,g,0.0,394.2,226.6,620.7
"--Long Term Debt Outstanding Nonguaranteed - Other, NEC (Disc. 2005) (44X)",Ler Artigo,Public Debt,"Long Term Debt Outstanding Nonguaranteed  Other, NEC (Disc. 2005) (44X)",,0.0,,0.0,0.0,0.0,0.0
--Long Term Debt Outstanding Unspecified Public Purpose (49U),Ler Artigo,Public Debt,Long Term Debt Outstanding Unspecified Public Purpose (49U),,0.0,g,0.0,762.5,"1,599.1",2361.6
--Short Term Debt Outstanding - End of Fiscal Year (64V),Ler Artigo,Public Debt,Short Term Debt Outstanding  End of Fiscal Year (64V),,0.0,g,0.0,-3.2,22.7,19.6
--Ler Artigo (FDB),Ler Artigo,Public Debt,Ler Artigo (FDB),,0.0,,0.0,0.0,0.0,0.0
--Debt Held by Public: Other (FDO),Ler Artigo,Public Debt,Debt Held by Public: Other (FDO),,10559.7,e,0.0,0.0,0.0,10559.7
--Debt Held by Federal Government Accounts (FDG),Ler Artigo,Public Debt Held by Government,Debt Held by Federal Government Accounts (FDG),,4911.3,b,0.0,0.0,0.0,4911.3
,,Level2,Level3,Level4,,,,,,